"U:0","U:1","U:2","p","vtkValidPointMask","arc_length","Points:0","Points:1","Points:2"
nan,nan,nan,nan,0,0,22,-36.539,0
nan,nan,nan,nan,0,0.069264,22.01,-36.47,0
nan,nan,nan,nan,0,0.13853,22.02,-36.401,0
nan,nan,nan,nan,0,0.20779,22.03,-36.333,0
nan,nan,nan,nan,0,0.27706,22.04,-36.264,0
nan,nan,nan,nan,0,0.34632,22.05,-36.196,0
nan,nan,nan,nan,0,0.41559,22.06,-36.127,0
nan,nan,nan,nan,0,0.48485,22.07,-36.059,0
nan,nan,nan,nan,0,0.55411,22.08,-35.99,0
nan,nan,nan,nan,0,0.62338,22.09,-35.922,0
nan,nan,nan,nan,0,0.69264,22.1,-35.853,0
nan,nan,nan,nan,0,0.76191,22.11,-35.785,0
nan,nan,nan,nan,0,0.83117,22.12,-35.716,0
nan,nan,nan,nan,0,0.90043,22.13,-35.648,0
nan,nan,nan,nan,0,0.9697,22.14,-35.579,0
nan,nan,nan,nan,0,1.039,22.15,-35.51,0
nan,nan,nan,nan,0,1.1082,22.16,-35.442,0
nan,nan,nan,nan,0,1.1775,22.17,-35.373,0
nan,nan,nan,nan,0,1.2468,22.18,-35.305,0
nan,nan,nan,nan,0,1.316,22.19,-35.236,0
nan,nan,nan,nan,0,1.3853,22.2,-35.168,0
nan,nan,nan,nan,0,1.4545,22.21,-35.099,0
nan,nan,nan,nan,0,1.5238,22.22,-35.031,0
nan,nan,nan,nan,0,1.5931,22.23,-34.962,0
nan,nan,nan,nan,0,1.6623,22.24,-34.894,0
nan,nan,nan,nan,0,1.7316,22.25,-34.825,0
nan,nan,nan,nan,0,1.8009,22.26,-34.757,0
nan,nan,nan,nan,0,1.8701,22.27,-34.688,0
nan,nan,nan,nan,0,1.9394,22.28,-34.619,0
nan,nan,nan,nan,0,2.0087,22.29,-34.551,0
nan,nan,nan,nan,0,2.0779,22.3,-34.482,0
nan,nan,nan,nan,0,2.1472,22.31,-34.414,0
nan,nan,nan,nan,0,2.2165,22.32,-34.345,0
nan,nan,nan,nan,0,2.2857,22.33,-34.277,0
nan,nan,nan,nan,0,2.355,22.34,-34.208,0
nan,nan,nan,nan,0,2.4242,22.35,-34.14,0
nan,nan,nan,nan,0,2.4935,22.36,-34.071,0
nan,nan,nan,nan,0,2.5628,22.37,-34.003,0
nan,nan,nan,nan,0,2.632,22.38,-33.934,0
nan,nan,nan,nan,0,2.7013,22.39,-33.866,0
nan,nan,nan,nan,0,2.7706,22.4,-33.797,0
nan,nan,nan,nan,0,2.8398,22.41,-33.728,0
nan,nan,nan,nan,0,2.9091,22.42,-33.66,0
nan,nan,nan,nan,0,2.9784,22.43,-33.591,0
nan,nan,nan,nan,0,3.0476,22.44,-33.523,0
nan,nan,nan,nan,0,3.1169,22.45,-33.454,0
nan,nan,nan,nan,0,3.1862,22.46,-33.386,0
nan,nan,nan,nan,0,3.2554,22.47,-33.317,0
nan,nan,nan,nan,0,3.3247,22.48,-33.249,0
nan,nan,nan,nan,0,3.3939,22.49,-33.18,0
nan,nan,nan,nan,0,3.4632,22.5,-33.112,0
nan,nan,nan,nan,0,3.5325,22.51,-33.043,0
nan,nan,nan,nan,0,3.6017,22.52,-32.974,0
nan,nan,nan,nan,0,3.671,22.53,-32.906,0
nan,nan,nan,nan,0,3.7403,22.54,-32.837,0
nan,nan,nan,nan,0,3.8095,22.55,-32.769,0
nan,nan,nan,nan,0,3.8788,22.56,-32.7,0
nan,nan,nan,nan,0,3.9481,22.57,-32.632,0
nan,nan,nan,nan,0,4.0173,22.58,-32.563,0
nan,nan,nan,nan,0,4.0866,22.59,-32.495,0
nan,nan,nan,nan,0,4.1558,22.6,-32.426,0
nan,nan,nan,nan,0,4.2251,22.61,-32.358,0
nan,nan,nan,nan,0,4.2944,22.62,-32.289,0
nan,nan,nan,nan,0,4.3636,22.63,-32.221,0
nan,nan,nan,nan,0,4.4329,22.64,-32.152,0
nan,nan,nan,nan,0,4.5022,22.65,-32.083,0
nan,nan,nan,nan,0,4.5714,22.66,-32.015,0
nan,nan,nan,nan,0,4.6407,22.67,-31.946,0
nan,nan,nan,nan,0,4.71,22.68,-31.878,0
nan,nan,nan,nan,0,4.7792,22.69,-31.809,0
nan,nan,nan,nan,0,4.8485,22.7,-31.741,0
nan,nan,nan,nan,0,4.9178,22.71,-31.672,0
nan,nan,nan,nan,0,4.987,22.72,-31.604,0
nan,nan,nan,nan,0,5.0563,22.73,-31.535,0
nan,nan,nan,nan,0,5.1255,22.74,-31.467,0
nan,nan,nan,nan,0,5.1948,22.75,-31.398,0
nan,nan,nan,nan,0,5.2641,22.76,-31.33,0
nan,nan,nan,nan,0,5.3333,22.77,-31.261,0
nan,nan,nan,nan,0,5.4026,22.78,-31.192,0
nan,nan,nan,nan,0,5.4719,22.79,-31.124,0
nan,nan,nan,nan,0,5.5411,22.8,-31.055,0
nan,nan,nan,nan,0,5.6104,22.81,-30.987,0
nan,nan,nan,nan,0,5.6797,22.82,-30.918,0
nan,nan,nan,nan,0,5.7489,22.83,-30.85,0
nan,nan,nan,nan,0,5.8182,22.84,-30.781,0
nan,nan,nan,nan,0,5.8875,22.85,-30.713,0
nan,nan,nan,nan,0,5.9567,22.86,-30.644,0
nan,nan,nan,nan,0,6.026,22.87,-30.576,0
nan,nan,nan,nan,0,6.0952,22.88,-30.507,0
nan,nan,nan,nan,0,6.1645,22.89,-30.439,0
nan,nan,nan,nan,0,6.2338,22.9,-30.37,0
nan,nan,nan,nan,0,6.303,22.91,-30.301,0
nan,nan,nan,nan,0,6.3723,22.92,-30.233,0
nan,nan,nan,nan,0,6.4416,22.93,-30.164,0
nan,nan,nan,nan,0,6.5108,22.94,-30.096,0
nan,nan,nan,nan,0,6.5801,22.95,-30.027,0
nan,nan,nan,nan,0,6.6494,22.96,-29.959,0
nan,nan,nan,nan,0,6.7186,22.97,-29.89,0
nan,nan,nan,nan,0,6.7879,22.98,-29.822,0
nan,nan,nan,nan,0,6.8572,22.99,-29.753,0
nan,nan,nan,nan,0,6.9264,23,-29.685,0
nan,nan,nan,nan,0,6.9957,23.01,-29.616,0
nan,nan,nan,nan,0,7.0649,23.02,-29.548,0
nan,nan,nan,nan,0,7.1342,23.03,-29.479,0
nan,nan,nan,nan,0,7.2035,23.04,-29.41,0
nan,nan,nan,nan,0,7.2727,23.05,-29.342,0
nan,nan,nan,nan,0,7.342,23.06,-29.273,0
nan,nan,nan,nan,0,7.4113,23.07,-29.205,0
nan,nan,nan,nan,0,7.4805,23.08,-29.136,0
nan,nan,nan,nan,0,7.5498,23.09,-29.068,0
nan,nan,nan,nan,0,7.6191,23.1,-28.999,0
nan,nan,nan,nan,0,7.6883,23.11,-28.931,0
nan,nan,nan,nan,0,7.7576,23.12,-28.862,0
nan,nan,nan,nan,0,7.8269,23.13,-28.794,0
nan,nan,nan,nan,0,7.8961,23.14,-28.725,0
nan,nan,nan,nan,0,7.9654,23.15,-28.657,0
nan,nan,nan,nan,0,8.0346,23.16,-28.588,0
nan,nan,nan,nan,0,8.1039,23.17,-28.519,0
nan,nan,nan,nan,0,8.1732,23.18,-28.451,0
nan,nan,nan,nan,0,8.2424,23.19,-28.382,0
nan,nan,nan,nan,0,8.3117,23.2,-28.314,0
nan,nan,nan,nan,0,8.381,23.21,-28.245,0
nan,nan,nan,nan,0,8.4502,23.22,-28.177,0
nan,nan,nan,nan,0,8.5195,23.23,-28.108,0
nan,nan,nan,nan,0,8.5888,23.24,-28.04,0
nan,nan,nan,nan,0,8.658,23.25,-27.971,0
nan,nan,nan,nan,0,8.7273,23.26,-27.903,0
nan,nan,nan,nan,0,8.7966,23.27,-27.834,0
nan,nan,nan,nan,0,8.8658,23.28,-27.766,0
nan,nan,nan,nan,0,8.9351,23.29,-27.697,0
nan,nan,nan,nan,0,9.0043,23.3,-27.628,0
nan,nan,nan,nan,0,9.0736,23.31,-27.56,0
nan,nan,nan,nan,0,9.1429,23.32,-27.491,0
nan,nan,nan,nan,0,9.2121,23.33,-27.423,0
nan,nan,nan,nan,0,9.2814,23.34,-27.354,0
nan,nan,nan,nan,0,9.3507,23.35,-27.286,0
nan,nan,nan,nan,0,9.4199,23.36,-27.217,0
nan,nan,nan,nan,0,9.4892,23.37,-27.149,0
nan,nan,nan,nan,0,9.5585,23.38,-27.08,0
nan,nan,nan,nan,0,9.6277,23.39,-27.012,0
nan,nan,nan,nan,0,9.697,23.4,-26.943,0
nan,nan,nan,nan,0,9.7662,23.41,-26.875,0
nan,nan,nan,nan,0,9.8355,23.42,-26.806,0
nan,nan,nan,nan,0,9.9048,23.43,-26.737,0
nan,nan,nan,nan,0,9.974,23.44,-26.669,0
nan,nan,nan,nan,0,10.043,23.45,-26.6,0
nan,nan,nan,nan,0,10.113,23.46,-26.532,0
nan,nan,nan,nan,0,10.182,23.47,-26.463,0
nan,nan,nan,nan,0,10.251,23.48,-26.395,0
nan,nan,nan,nan,0,10.32,23.49,-26.326,0
nan,nan,nan,nan,0,10.39,23.5,-26.258,0
nan,nan,nan,nan,0,10.459,23.51,-26.189,0
nan,nan,nan,nan,0,10.528,23.52,-26.121,0
nan,nan,nan,nan,0,10.597,23.53,-26.052,0
nan,nan,nan,nan,0,10.667,23.54,-25.984,0
nan,nan,nan,nan,0,10.736,23.55,-25.915,0
nan,nan,nan,nan,0,10.805,23.56,-25.846,0
nan,nan,nan,nan,0,10.874,23.57,-25.778,0
nan,nan,nan,nan,0,10.944,23.58,-25.709,0
nan,nan,nan,nan,0,11.013,23.59,-25.641,0
nan,nan,nan,nan,0,11.082,23.6,-25.572,0
nan,nan,nan,nan,0,11.152,23.61,-25.504,0
nan,nan,nan,nan,0,11.221,23.62,-25.435,0
nan,nan,nan,nan,0,11.29,23.63,-25.367,0
nan,nan,nan,nan,0,11.359,23.64,-25.298,0
nan,nan,nan,nan,0,11.429,23.65,-25.23,0
nan,nan,nan,nan,0,11.498,23.66,-25.161,0
nan,nan,nan,nan,0,11.567,23.67,-25.093,0
nan,nan,nan,nan,0,11.636,23.68,-25.024,0
nan,nan,nan,nan,0,11.706,23.69,-24.955,0
nan,nan,nan,nan,0,11.775,23.7,-24.887,0
nan,nan,nan,nan,0,11.844,23.71,-24.818,0
nan,nan,nan,nan,0,11.913,23.72,-24.75,0
nan,nan,nan,nan,0,11.983,23.73,-24.681,0
nan,nan,nan,nan,0,12.052,23.74,-24.613,0
nan,nan,nan,nan,0,12.121,23.75,-24.544,0
nan,nan,nan,nan,0,12.19,23.76,-24.476,0
nan,nan,nan,nan,0,12.26,23.77,-24.407,0
nan,nan,nan,nan,0,12.329,23.78,-24.339,0
nan,nan,nan,nan,0,12.398,23.79,-24.27,0
nan,nan,nan,nan,0,12.468,23.8,-24.202,0
nan,nan,nan,nan,0,12.537,23.81,-24.133,0
nan,nan,nan,nan,0,12.606,23.82,-24.064,0
nan,nan,nan,nan,0,12.675,23.83,-23.996,0
nan,nan,nan,nan,0,12.745,23.84,-23.927,0
nan,nan,nan,nan,0,12.814,23.85,-23.859,0
nan,nan,nan,nan,0,12.883,23.86,-23.79,0
nan,nan,nan,nan,0,12.952,23.87,-23.722,0
nan,nan,nan,nan,0,13.022,23.88,-23.653,0
nan,nan,nan,nan,0,13.091,23.89,-23.585,0
nan,nan,nan,nan,0,13.16,23.9,-23.516,0
nan,nan,nan,nan,0,13.229,23.91,-23.448,0
nan,nan,nan,nan,0,13.299,23.92,-23.379,0
nan,nan,nan,nan,0,13.368,23.93,-23.311,0
nan,nan,nan,nan,0,13.437,23.94,-23.242,0
nan,nan,nan,nan,0,13.507,23.95,-23.173,0
nan,nan,nan,nan,0,13.576,23.96,-23.105,0
nan,nan,nan,nan,0,13.645,23.97,-23.036,0
nan,nan,nan,nan,0,13.714,23.98,-22.968,0
nan,nan,nan,nan,0,13.784,23.99,-22.899,0
nan,nan,nan,nan,0,13.853,24,-22.831,0
nan,nan,nan,nan,0,13.922,24.01,-22.762,0
nan,nan,nan,nan,0,13.991,24.02,-22.694,0
nan,nan,nan,nan,0,14.061,24.03,-22.625,0
nan,nan,nan,nan,0,14.13,24.04,-22.557,0
nan,nan,nan,nan,0,14.199,24.05,-22.488,0
nan,nan,nan,nan,0,14.268,24.06,-22.42,0
nan,nan,nan,nan,0,14.338,24.07,-22.351,0
nan,nan,nan,nan,0,14.407,24.08,-22.282,0
nan,nan,nan,nan,0,14.476,24.09,-22.214,0
nan,nan,nan,nan,0,14.545,24.1,-22.145,0
nan,nan,nan,nan,0,14.615,24.11,-22.077,0
nan,nan,nan,nan,0,14.684,24.12,-22.008,0
nan,nan,nan,nan,0,14.753,24.13,-21.94,0
nan,nan,nan,nan,0,14.823,24.14,-21.871,0
nan,nan,nan,nan,0,14.892,24.15,-21.803,0
nan,nan,nan,nan,0,14.961,24.16,-21.734,0
nan,nan,nan,nan,0,15.03,24.17,-21.666,0
nan,nan,nan,nan,0,15.1,24.18,-21.597,0
nan,nan,nan,nan,0,15.169,24.19,-21.529,0
nan,nan,nan,nan,0,15.238,24.2,-21.46,0
nan,nan,nan,nan,0,15.307,24.21,-21.391,0
nan,nan,nan,nan,0,15.377,24.22,-21.323,0
nan,nan,nan,nan,0,15.446,24.23,-21.254,0
nan,nan,nan,nan,0,15.515,24.24,-21.186,0
nan,nan,nan,nan,0,15.584,24.25,-21.117,0
nan,nan,nan,nan,0,15.654,24.26,-21.049,0
nan,nan,nan,nan,0,15.723,24.27,-20.98,0
nan,nan,nan,nan,0,15.792,24.28,-20.912,0
nan,nan,nan,nan,0,15.861,24.29,-20.843,0
nan,nan,nan,nan,0,15.931,24.3,-20.775,0
nan,nan,nan,nan,0,16,24.31,-20.706,0
nan,nan,nan,nan,0,16.069,24.32,-20.638,0
nan,nan,nan,nan,0,16.139,24.33,-20.569,0
nan,nan,nan,nan,0,16.208,24.34,-20.5,0
nan,nan,nan,nan,0,16.277,24.35,-20.432,0
nan,nan,nan,nan,0,16.346,24.36,-20.363,0
nan,nan,nan,nan,0,16.416,24.37,-20.295,0
nan,nan,nan,nan,0,16.485,24.38,-20.226,0
nan,nan,nan,nan,0,16.554,24.39,-20.158,0
nan,nan,nan,nan,0,16.623,24.4,-20.089,0
nan,nan,nan,nan,0,16.693,24.41,-20.021,0
nan,nan,nan,nan,0,16.762,24.42,-19.952,0
nan,nan,nan,nan,0,16.831,24.43,-19.884,0
nan,nan,nan,nan,0,16.9,24.44,-19.815,0
nan,nan,nan,nan,0,16.97,24.45,-19.747,0
nan,nan,nan,nan,0,17.039,24.46,-19.678,0
nan,nan,nan,nan,0,17.108,24.47,-19.609,0
nan,nan,nan,nan,0,17.178,24.48,-19.541,0
nan,nan,nan,nan,0,17.247,24.49,-19.472,0
nan,nan,nan,nan,0,17.316,24.5,-19.404,0
nan,nan,nan,nan,0,17.385,24.51,-19.335,0
nan,nan,nan,nan,0,17.455,24.52,-19.267,0
nan,nan,nan,nan,0,17.524,24.53,-19.198,0
nan,nan,nan,nan,0,17.593,24.54,-19.13,0
nan,nan,nan,nan,0,17.662,24.55,-19.061,0
nan,nan,nan,nan,0,17.732,24.56,-18.993,0
nan,nan,nan,nan,0,17.801,24.57,-18.924,0
nan,nan,nan,nan,0,17.87,24.58,-18.856,0
nan,nan,nan,nan,0,17.939,24.59,-18.787,0
nan,nan,nan,nan,0,18.009,24.6,-18.718,0
nan,nan,nan,nan,0,18.078,24.61,-18.65,0
nan,nan,nan,nan,0,18.147,24.62,-18.581,0
nan,nan,nan,nan,0,18.216,24.63,-18.513,0
nan,nan,nan,nan,0,18.286,24.64,-18.444,0
nan,nan,nan,nan,0,18.355,24.65,-18.376,0
nan,nan,nan,nan,0,18.424,24.66,-18.307,0
nan,nan,nan,nan,0,18.494,24.67,-18.239,0
nan,nan,nan,nan,0,18.563,24.68,-18.17,0
nan,nan,nan,nan,0,18.632,24.69,-18.102,0
nan,nan,nan,nan,0,18.701,24.7,-18.033,0
nan,nan,nan,nan,0,18.771,24.71,-17.965,0
nan,nan,nan,nan,0,18.84,24.72,-17.896,0
nan,nan,nan,nan,0,18.909,24.73,-17.827,0
nan,nan,nan,nan,0,18.978,24.74,-17.759,0
nan,nan,nan,nan,0,19.048,24.75,-17.69,0
nan,nan,nan,nan,0,19.117,24.76,-17.622,0
nan,nan,nan,nan,0,19.186,24.77,-17.553,0
nan,nan,nan,nan,0,19.255,24.78,-17.485,0
nan,nan,nan,nan,0,19.325,24.79,-17.416,0
nan,nan,nan,nan,0,19.394,24.8,-17.348,0
nan,nan,nan,nan,0,19.463,24.81,-17.279,0
nan,nan,nan,nan,0,19.532,24.82,-17.211,0
nan,nan,nan,nan,0,19.602,24.83,-17.142,0
nan,nan,nan,nan,0,19.671,24.84,-17.074,0
nan,nan,nan,nan,0,19.74,24.85,-17.005,0
nan,nan,nan,nan,0,19.81,24.86,-16.936,0
nan,nan,nan,nan,0,19.879,24.87,-16.868,0
nan,nan,nan,nan,0,19.948,24.88,-16.799,0
nan,nan,nan,nan,0,20.017,24.89,-16.731,0
nan,nan,nan,nan,0,20.087,24.9,-16.662,0
nan,nan,nan,nan,0,20.156,24.91,-16.594,0
nan,nan,nan,nan,0,20.225,24.92,-16.525,0
nan,nan,nan,nan,0,20.294,24.93,-16.457,0
nan,nan,nan,nan,0,20.364,24.94,-16.388,0
nan,nan,nan,nan,0,20.433,24.95,-16.32,0
nan,nan,nan,nan,0,20.502,24.96,-16.251,0
nan,nan,nan,nan,0,20.571,24.97,-16.183,0
nan,nan,nan,nan,0,20.641,24.98,-16.114,0
nan,nan,nan,nan,0,20.71,24.99,-16.045,0
nan,nan,nan,nan,0,20.779,25,-15.977,0
nan,nan,nan,nan,0,20.849,25.01,-15.908,0
nan,nan,nan,nan,0,20.918,25.02,-15.84,0
nan,nan,nan,nan,0,20.987,25.03,-15.771,0
nan,nan,nan,nan,0,21.056,25.04,-15.703,0
nan,nan,nan,nan,0,21.126,25.05,-15.634,0
nan,nan,nan,nan,0,21.195,25.06,-15.566,0
nan,nan,nan,nan,0,21.264,25.07,-15.497,0
nan,nan,nan,nan,0,21.333,25.08,-15.429,0
nan,nan,nan,nan,0,21.403,25.09,-15.36,0
nan,nan,nan,nan,0,21.472,25.1,-15.292,0
nan,nan,nan,nan,0,21.541,25.11,-15.223,0
nan,nan,nan,nan,0,21.61,25.12,-15.154,0
nan,nan,nan,nan,0,21.68,25.13,-15.086,0
nan,nan,nan,nan,0,21.749,25.14,-15.017,0
nan,nan,nan,nan,0,21.818,25.15,-14.949,0
nan,nan,nan,nan,0,21.887,25.16,-14.88,0
nan,nan,nan,nan,0,21.957,25.17,-14.812,0
nan,nan,nan,nan,0,22.026,25.18,-14.743,0
nan,nan,nan,nan,0,22.095,25.19,-14.675,0
nan,nan,nan,nan,0,22.165,25.2,-14.606,0
nan,nan,nan,nan,0,22.234,25.21,-14.538,0
nan,nan,nan,nan,0,22.303,25.22,-14.469,0
nan,nan,nan,nan,0,22.372,25.23,-14.401,0
nan,nan,nan,nan,0,22.442,25.24,-14.332,0
nan,nan,nan,nan,0,22.511,25.25,-14.263,0
nan,nan,nan,nan,0,22.58,25.26,-14.195,0
nan,nan,nan,nan,0,22.649,25.27,-14.126,0
nan,nan,nan,nan,0,22.719,25.28,-14.058,0
nan,nan,nan,nan,0,22.788,25.29,-13.989,0
nan,nan,nan,nan,0,22.857,25.3,-13.921,0
nan,nan,nan,nan,0,22.926,25.31,-13.852,0
nan,nan,nan,nan,0,22.996,25.32,-13.784,0
nan,nan,nan,nan,0,23.065,25.33,-13.715,0
nan,nan,nan,nan,0,23.134,25.34,-13.647,0
nan,nan,nan,nan,0,23.203,25.35,-13.578,0
nan,nan,nan,nan,0,23.273,25.36,-13.51,0
nan,nan,nan,nan,0,23.342,25.37,-13.441,0
nan,nan,nan,nan,0,23.411,25.38,-13.372,0
nan,nan,nan,nan,0,23.481,25.39,-13.304,0
nan,nan,nan,nan,0,23.55,25.4,-13.235,0
nan,nan,nan,nan,0,23.619,25.41,-13.167,0
nan,nan,nan,nan,0,23.688,25.42,-13.098,0
nan,nan,nan,nan,0,23.758,25.43,-13.03,0
nan,nan,nan,nan,0,23.827,25.44,-12.961,0
nan,nan,nan,nan,0,23.896,25.45,-12.893,0
nan,nan,nan,nan,0,23.965,25.46,-12.824,0
nan,nan,nan,nan,0,24.035,25.47,-12.756,0
nan,nan,nan,nan,0,24.104,25.48,-12.687,0
nan,nan,nan,nan,0,24.173,25.49,-12.619,0
nan,nan,nan,nan,0,24.242,25.5,-12.55,0
nan,nan,nan,nan,0,24.312,25.51,-12.481,0
nan,nan,nan,nan,0,24.381,25.52,-12.413,0
nan,nan,nan,nan,0,24.45,25.53,-12.344,0
nan,nan,nan,nan,0,24.52,25.54,-12.276,0
nan,nan,nan,nan,0,24.589,25.55,-12.207,0
nan,nan,nan,nan,0,24.658,25.56,-12.139,0
nan,nan,nan,nan,0,24.727,25.57,-12.07,0
nan,nan,nan,nan,0,24.797,25.58,-12.002,0
nan,nan,nan,nan,0,24.866,25.59,-11.933,0
nan,nan,nan,nan,0,24.935,25.6,-11.865,0
nan,nan,nan,nan,0,25.004,25.61,-11.796,0
nan,nan,nan,nan,0,25.074,25.62,-11.728,0
nan,nan,nan,nan,0,25.143,25.63,-11.659,0
nan,nan,nan,nan,0,25.212,25.64,-11.59,0
nan,nan,nan,nan,0,25.281,25.65,-11.522,0
nan,nan,nan,nan,0,25.351,25.66,-11.453,0
nan,nan,nan,nan,0,25.42,25.67,-11.385,0
nan,nan,nan,nan,0,25.489,25.68,-11.316,0
nan,nan,nan,nan,0,25.558,25.69,-11.248,0
nan,nan,nan,nan,0,25.628,25.7,-11.179,0
nan,nan,nan,nan,0,25.697,25.71,-11.111,0
nan,nan,nan,nan,0,25.766,25.72,-11.042,0
nan,nan,nan,nan,0,25.836,25.73,-10.974,0
nan,nan,nan,nan,0,25.905,25.74,-10.905,0
nan,nan,nan,nan,0,25.974,25.75,-10.837,0
nan,nan,nan,nan,0,26.043,25.76,-10.768,0
nan,nan,nan,nan,0,26.113,25.77,-10.699,0
nan,nan,nan,nan,0,26.182,25.78,-10.631,0
nan,nan,nan,nan,0,26.251,25.79,-10.562,0
nan,nan,nan,nan,0,26.32,25.8,-10.494,0
nan,nan,nan,nan,0,26.39,25.81,-10.425,0
nan,nan,nan,nan,0,26.459,25.82,-10.357,0
nan,nan,nan,nan,0,26.528,25.83,-10.288,0
nan,nan,nan,nan,0,26.597,25.84,-10.22,0
nan,nan,nan,nan,0,26.667,25.85,-10.151,0
nan,nan,nan,nan,0,26.736,25.86,-10.083,0
nan,nan,nan,nan,0,26.805,25.87,-10.014,0
nan,nan,nan,nan,0,26.875,25.88,-9.9456,0
nan,nan,nan,nan,0,26.944,25.89,-9.877,0
nan,nan,nan,nan,0,27.013,25.9,-9.8085,0
nan,nan,nan,nan,0,27.082,25.91,-9.7399,0
nan,nan,nan,nan,0,27.152,25.92,-9.6714,0
nan,nan,nan,nan,0,27.221,25.93,-9.6029,0
nan,nan,nan,nan,0,27.29,25.94,-9.5343,0
nan,nan,nan,nan,0,27.359,25.95,-9.4658,0
nan,nan,nan,nan,0,27.429,25.96,-9.3973,0
nan,nan,nan,nan,0,27.498,25.97,-9.3287,0
nan,nan,nan,nan,0,27.567,25.98,-9.2602,0
nan,nan,nan,nan,0,27.636,25.99,-9.1916,0
nan,nan,nan,nan,0,27.706,26,-9.1231,0
nan,nan,nan,nan,0,27.775,26.01,-9.0546,0
nan,nan,nan,nan,0,27.844,26.02,-8.986,0
nan,nan,nan,nan,0,27.913,26.03,-8.9175,0
nan,nan,nan,nan,0,27.983,26.04,-8.8489,0
nan,nan,nan,nan,0,28.052,26.05,-8.7804,0
nan,nan,nan,nan,0,28.121,26.06,-8.7119,0
nan,nan,nan,nan,0,28.191,26.07,-8.6433,0
nan,nan,nan,nan,0,28.26,26.08,-8.5748,0
nan,nan,nan,nan,0,28.329,26.09,-8.5063,0
nan,nan,nan,nan,0,28.398,26.1,-8.4377,0
nan,nan,nan,nan,0,28.468,26.11,-8.3692,0
nan,nan,nan,nan,0,28.537,26.12,-8.3006,0
nan,nan,nan,nan,0,28.606,26.13,-8.2321,0
nan,nan,nan,nan,0,28.675,26.14,-8.1636,0
nan,nan,nan,nan,0,28.745,26.15,-8.095,0
nan,nan,nan,nan,0,28.814,26.16,-8.0265,0
nan,nan,nan,nan,0,28.883,26.17,-7.9579,0
nan,nan,nan,nan,0,28.952,26.18,-7.8894,0
nan,nan,nan,nan,0,29.022,26.19,-7.8209,0
nan,nan,nan,nan,0,29.091,26.2,-7.7523,0
nan,nan,nan,nan,0,29.16,26.21,-7.6838,0
nan,nan,nan,nan,0,29.229,26.22,-7.6153,0
nan,nan,nan,nan,0,29.299,26.23,-7.5467,0
nan,nan,nan,nan,0,29.368,26.24,-7.4782,0
nan,nan,nan,nan,0,29.437,26.25,-7.4096,0
nan,nan,nan,nan,0,29.507,26.26,-7.3411,0
nan,nan,nan,nan,0,29.576,26.27,-7.2726,0
nan,nan,nan,nan,0,29.645,26.28,-7.204,0
nan,nan,nan,nan,0,29.714,26.29,-7.1355,0
nan,nan,nan,nan,0,29.784,26.3,-7.0669,0
nan,nan,nan,nan,0,29.853,26.31,-6.9984,0
nan,nan,nan,nan,0,29.922,26.32,-6.9299,0
nan,nan,nan,nan,0,29.991,26.33,-6.8613,0
nan,nan,nan,nan,0,30.061,26.34,-6.7928,0
nan,nan,nan,nan,0,30.13,26.35,-6.7243,0
nan,nan,nan,nan,0,30.199,26.36,-6.6557,0
nan,nan,nan,nan,0,30.268,26.37,-6.5872,0
nan,nan,nan,nan,0,30.338,26.38,-6.5186,0
nan,nan,nan,nan,0,30.407,26.39,-6.4501,0
nan,nan,nan,nan,0,30.476,26.4,-6.3816,0
nan,nan,nan,nan,0,30.546,26.41,-6.313,0
nan,nan,nan,nan,0,30.615,26.42,-6.2445,0
nan,nan,nan,nan,0,30.684,26.43,-6.1759,0
nan,nan,nan,nan,0,30.753,26.44,-6.1074,0
nan,nan,nan,nan,0,30.823,26.45,-6.0389,0
nan,nan,nan,nan,0,30.892,26.46,-5.9703,0
nan,nan,nan,nan,0,30.961,26.47,-5.9018,0
nan,nan,nan,nan,0,31.03,26.48,-5.8333,0
nan,nan,nan,nan,0,31.1,26.49,-5.7647,0
nan,nan,nan,nan,0,31.169,26.5,-5.6962,0
nan,nan,nan,nan,0,31.238,26.51,-5.6276,0
nan,nan,nan,nan,0,31.307,26.52,-5.5591,0
nan,nan,nan,nan,0,31.377,26.53,-5.4906,0
nan,nan,nan,nan,0,31.446,26.54,-5.422,0
nan,nan,nan,nan,0,31.515,26.55,-5.3535,0
nan,nan,nan,nan,0,31.584,26.56,-5.2849,0
nan,nan,nan,nan,0,31.654,26.57,-5.2164,0
nan,nan,nan,nan,0,31.723,26.58,-5.1479,0
nan,nan,nan,nan,0,31.792,26.59,-5.0793,0
nan,nan,nan,nan,0,31.862,26.6,-5.0108,0
nan,nan,nan,nan,0,31.931,26.61,-4.9423,0
nan,nan,nan,nan,0,32,26.62,-4.8737,0
nan,nan,nan,nan,0,32.069,26.63,-4.8052,0
nan,nan,nan,nan,0,32.139,26.64,-4.7366,0
nan,nan,nan,nan,0,32.208,26.65,-4.6681,0
nan,nan,nan,nan,0,32.277,26.66,-4.5996,0
nan,nan,nan,nan,0,32.346,26.67,-4.531,0
nan,nan,nan,nan,0,32.416,26.68,-4.4625,0
nan,nan,nan,nan,0,32.485,26.69,-4.3939,0
nan,nan,nan,nan,0,32.554,26.7,-4.3254,0
nan,nan,nan,nan,0,32.623,26.71,-4.2569,0
nan,nan,nan,nan,0,32.693,26.72,-4.1883,0
nan,nan,nan,nan,0,32.762,26.73,-4.1198,0
nan,nan,nan,nan,0,32.831,26.74,-4.0513,0
nan,nan,nan,nan,0,32.9,26.75,-3.9827,0
nan,nan,nan,nan,0,32.97,26.76,-3.9142,0
nan,nan,nan,nan,0,33.039,26.77,-3.8456,0
nan,nan,nan,nan,0,33.108,26.78,-3.7771,0
nan,nan,nan,nan,0,33.178,26.79,-3.7086,0
nan,nan,nan,nan,0,33.247,26.8,-3.64,0
nan,nan,nan,nan,0,33.316,26.81,-3.5715,0
nan,nan,nan,nan,0,33.385,26.82,-3.5029,0
nan,nan,nan,nan,0,33.455,26.83,-3.4344,0
nan,nan,nan,nan,0,33.524,26.84,-3.3659,0
nan,nan,nan,nan,0,33.593,26.85,-3.2973,0
nan,nan,nan,nan,0,33.662,26.86,-3.2288,0
nan,nan,nan,nan,0,33.732,26.87,-3.1603,0
nan,nan,nan,nan,0,33.801,26.88,-3.0917,0
nan,nan,nan,nan,0,33.87,26.89,-3.0232,0
nan,nan,nan,nan,0,33.939,26.9,-2.9546,0
nan,nan,nan,nan,0,34.009,26.91,-2.8861,0
nan,nan,nan,nan,0,34.078,26.92,-2.8176,0
nan,nan,nan,nan,0,34.147,26.93,-2.749,0
nan,nan,nan,nan,0,34.217,26.94,-2.6805,0
nan,nan,nan,nan,0,34.286,26.95,-2.6119,0
nan,nan,nan,nan,0,34.355,26.96,-2.5434,0
nan,nan,nan,nan,0,34.424,26.97,-2.4749,0
nan,nan,nan,nan,0,34.494,26.98,-2.4063,0
nan,nan,nan,nan,0,34.563,26.99,-2.3378,0
nan,nan,nan,nan,0,34.632,27,-2.2693,0
nan,nan,nan,nan,0,34.701,27.01,-2.2007,0
nan,nan,nan,nan,0,34.771,27.02,-2.1322,0
nan,nan,nan,nan,0,34.84,27.03,-2.0636,0
nan,nan,nan,nan,0,34.909,27.04,-1.9951,0
nan,nan,nan,nan,0,34.978,27.05,-1.9266,0
nan,nan,nan,nan,0,35.048,27.06,-1.858,0
nan,nan,nan,nan,0,35.117,27.07,-1.7895,0
nan,nan,nan,nan,0,35.186,27.08,-1.7209,0
nan,nan,nan,nan,0,35.255,27.09,-1.6524,0
nan,nan,nan,nan,0,35.325,27.1,-1.5839,0
nan,nan,nan,nan,0,35.394,27.11,-1.5153,0
nan,nan,nan,nan,0,35.463,27.12,-1.4468,0
nan,nan,nan,nan,0,35.533,27.13,-1.3783,0
nan,nan,nan,nan,0,35.602,27.14,-1.3097,0
nan,nan,nan,nan,0,35.671,27.15,-1.2412,0
nan,nan,nan,nan,0,35.74,27.16,-1.1726,0
nan,nan,nan,nan,0,35.81,27.17,-1.1041,0
nan,nan,nan,nan,0,35.879,27.18,-1.0356,0
nan,nan,nan,nan,0,35.948,27.19,-0.96702,0
nan,nan,nan,nan,0,36.017,27.2,-0.89848,0
nan,nan,nan,nan,0,36.087,27.21,-0.82994,0
nan,nan,nan,nan,0,36.156,27.22,-0.7614,0
nan,nan,nan,nan,0,36.225,27.23,-0.69287,0
nan,nan,nan,nan,0,36.294,27.24,-0.62433,0
nan,nan,nan,nan,0,36.364,27.25,-0.55579,0
nan,nan,nan,nan,0,36.433,27.26,-0.48725,0
nan,nan,nan,nan,0,36.502,27.27,-0.41871,0
nan,nan,nan,nan,0,36.571,27.28,-0.35017,0
nan,nan,nan,nan,0,36.641,27.29,-0.28163,0
nan,nan,nan,nan,0,36.71,27.3,-0.2131,0
nan,nan,nan,nan,0,36.779,27.31,-0.14456,0
nan,nan,nan,nan,0,36.849,27.32,-0.076019,0
nan,nan,nan,nan,0,36.918,27.33,-0.0074803,0
0.70067,0.016671,0,0.55331,1,36.987,27.34,0.061058,0
0.70067,0.016671,0,0.55331,1,37.056,27.35,0.1296,0
0.70067,0.016671,0,0.55331,1,37.126,27.36,0.19814,0
0.70067,0.016671,0,0.55331,1,37.195,27.37,0.26667,0
0.70067,0.016671,0,0.55331,1,37.264,27.38,0.33521,0
0.70067,0.016671,0,0.55331,1,37.333,27.39,0.40375,0
0.70067,0.016671,0,0.55331,1,37.403,27.4,0.47229,0
0.70067,0.016671,0,0.55331,1,37.472,27.41,0.54083,0
0.70067,0.016671,0,0.55331,1,37.541,27.42,0.60937,0
0.70067,0.016671,0,0.55331,1,37.61,27.43,0.6779,0
0.70067,0.016671,0,0.55331,1,37.68,27.44,0.74644,0
0.70067,0.016671,0,0.55331,1,37.749,27.45,0.81498,0
0.70067,0.016671,0,0.55331,1,37.818,27.46,0.88352,0
0.7447,0.028119,0,0.56086,1,37.888,27.47,0.95206,0
0.7447,0.028119,0,0.56086,1,37.957,27.48,1.0206,0
0.7447,0.028119,0,0.56086,1,38.026,27.49,1.0891,0
0.7447,0.028119,0,0.56086,1,38.095,27.5,1.1577,0
0.7447,0.028119,0,0.56086,1,38.165,27.51,1.2262,0
0.7447,0.028119,0,0.56086,1,38.234,27.52,1.2948,0
0.7447,0.028119,0,0.56086,1,38.303,27.53,1.3633,0
0.7447,0.028119,0,0.56086,1,38.372,27.54,1.4318,0
0.7447,0.028119,0,0.56086,1,38.442,27.55,1.5004,0
0.7447,0.028119,0,0.56086,1,38.511,27.56,1.5689,0
0.7447,0.028119,0,0.56086,1,38.58,27.57,1.6374,0
0.7447,0.028119,0,0.56086,1,38.649,27.58,1.706,0
0.95109,0.057276,1.4106e-18,0.55528,1,38.719,27.59,1.7745,0
0.95109,0.057276,1.4106e-18,0.55528,1,38.788,27.6,1.8431,0
0.95109,0.057276,1.4106e-18,0.55528,1,38.857,27.61,1.9116,0
0.95109,0.057276,1.4106e-18,0.55528,1,38.926,27.62,1.9801,0
0.95109,0.057276,1.4106e-18,0.55528,1,38.996,27.63,2.0487,0
0.95109,0.057276,1.4106e-18,0.55528,1,39.065,27.64,2.1172,0
0.95109,0.057276,1.4106e-18,0.55528,1,39.134,27.65,2.1858,0
0.95109,0.057276,1.4106e-18,0.55528,1,39.204,27.66,2.2543,0
0.95109,0.057276,1.4106e-18,0.55528,1,39.273,27.67,2.3228,0
0.95109,0.057276,1.4106e-18,0.55528,1,39.342,27.68,2.3914,0
0.95109,0.057276,1.4106e-18,0.55528,1,39.411,27.69,2.4599,0
0.95109,0.057276,1.4106e-18,0.55528,1,39.481,27.7,2.5284,0
0.95109,0.057276,1.4106e-18,0.55528,1,39.55,27.71,2.597,0
0.95109,0.057276,1.4106e-18,0.55528,1,39.619,27.72,2.6655,0
0.95109,0.057276,1.4106e-18,0.55528,1,39.688,27.73,2.7341,0
0.95109,0.057276,1.4106e-18,0.55528,1,39.758,27.74,2.8026,0
0.95109,0.057276,1.4106e-18,0.55528,1,39.827,27.75,2.8711,0
0.95109,0.057276,1.4106e-18,0.55528,1,39.896,27.76,2.9397,0
0.95109,0.057276,1.4106e-18,0.55528,1,39.965,27.77,3.0082,0
0.99191,0.061463,-1.2615e-18,0.54055,1,40.035,27.78,3.0768,0
0.99191,0.061463,-1.2615e-18,0.54055,1,40.104,27.79,3.1453,0
0.99191,0.061463,-1.2615e-18,0.54055,1,40.173,27.8,3.2138,0
0.99191,0.061463,-1.2615e-18,0.54055,1,40.242,27.81,3.2824,0
0.99191,0.061463,-1.2615e-18,0.54055,1,40.312,27.82,3.3509,0
0.99191,0.061463,-1.2615e-18,0.54055,1,40.381,27.83,3.4194,0
0.99191,0.061463,-1.2615e-18,0.54055,1,40.45,27.84,3.488,0
0.99191,0.061463,-1.2615e-18,0.54055,1,40.52,27.85,3.5565,0
0.99191,0.061463,-1.2615e-18,0.54055,1,40.589,27.86,3.6251,0
0.99191,0.061463,-1.2615e-18,0.54055,1,40.658,27.87,3.6936,0
0.99191,0.061463,-1.2615e-18,0.54055,1,40.727,27.88,3.7621,0
0.99191,0.061463,-1.2615e-18,0.54055,1,40.797,27.89,3.8307,0
0.99191,0.061463,-1.2615e-18,0.54055,1,40.866,27.9,3.8992,0
0.99191,0.061463,-1.2615e-18,0.54055,1,40.935,27.91,3.9678,0
1.0099,0.071212,1.1295e-18,0.52847,1,41.004,27.92,4.0363,0
1.0099,0.071212,1.1295e-18,0.52847,1,41.074,27.93,4.1048,0
1.0099,0.071212,1.1295e-18,0.52847,1,41.143,27.94,4.1734,0
1.0099,0.071212,1.1295e-18,0.52847,1,41.212,27.95,4.2419,0
1.0099,0.071212,1.1295e-18,0.52847,1,41.281,27.96,4.3104,0
1.0099,0.071212,1.1295e-18,0.52847,1,41.351,27.97,4.379,0
1.0099,0.071212,1.1295e-18,0.52847,1,41.42,27.98,4.4475,0
1.0099,0.071212,1.1295e-18,0.52847,1,41.489,27.99,4.5161,0
1.0099,0.071212,1.1295e-18,0.52847,1,41.559,28,4.5846,0
1.0099,0.071212,1.1295e-18,0.52847,1,41.628,28.01,4.6531,0
1.0099,0.071212,1.1295e-18,0.52847,1,41.697,28.02,4.7217,0
1.0099,0.071212,1.1295e-18,0.52847,1,41.766,28.03,4.7902,0
1.0099,0.071212,1.1295e-18,0.52847,1,41.836,28.04,4.8588,0
1.0099,0.071212,1.1295e-18,0.52847,1,41.905,28.05,4.9273,0
1.0099,0.071212,1.1295e-18,0.52847,1,41.974,28.06,4.9958,0
1.0099,0.071212,1.1295e-18,0.52847,1,42.043,28.07,5.0644,0
1.0099,0.071212,1.1295e-18,0.52847,1,42.113,28.08,5.1329,0
1.0099,0.071212,1.1295e-18,0.52847,1,42.182,28.09,5.2014,0
1.0099,0.071212,1.1295e-18,0.52847,1,42.251,28.1,5.27,0
1.0099,0.071212,1.1295e-18,0.52847,1,42.32,28.11,5.3385,0
1.0099,0.071212,1.1295e-18,0.52847,1,42.39,28.12,5.4071,0
1.0099,0.071212,1.1295e-18,0.52847,1,42.459,28.13,5.4756,0
1.0099,0.071212,1.1295e-18,0.52847,1,42.528,28.14,5.5441,0
1.0099,0.071212,1.1295e-18,0.52847,1,42.597,28.15,5.6127,0
1.0099,0.071212,1.1295e-18,0.52847,1,42.667,28.16,5.6812,0
1.0099,0.071212,1.1295e-18,0.52847,1,42.736,28.17,5.7498,0
1.0099,0.071212,1.1295e-18,0.52847,1,42.805,28.18,5.8183,0
1.0099,0.071212,1.1295e-18,0.52847,1,42.875,28.19,5.8868,0
1.0099,0.071212,1.1295e-18,0.52847,1,42.944,28.2,5.9554,0
1.0099,0.071212,1.1295e-18,0.52847,1,43.013,28.21,6.0239,0
1.0099,0.071212,1.1295e-18,0.52847,1,43.082,28.22,6.0924,0
1.0099,0.071212,1.1295e-18,0.52847,1,43.152,28.23,6.161,0
1.0186,0.07616,-7.9589e-19,0.5164,1,43.221,28.24,6.2295,0
1.0186,0.07616,-7.9589e-19,0.5164,1,43.29,28.25,6.2981,0
1.0186,0.07616,-7.9589e-19,0.5164,1,43.359,28.26,6.3666,0
1.0426,0.068187,-5.1821e-19,0.49471,1,43.429,28.27,6.4351,0
1.0426,0.068187,-5.1821e-19,0.49471,1,43.498,28.28,6.5037,0
1.0426,0.068187,-5.1821e-19,0.49471,1,43.567,28.29,6.5722,0
1.0437,0.099281,-5.8446e-19,0.48533,1,43.636,28.3,6.6408,0
1.0437,0.099281,-5.8446e-19,0.48533,1,43.706,28.31,6.7093,0
1.0437,0.099281,-5.8446e-19,0.48533,1,43.775,28.32,6.7778,0
1.0437,0.099281,-5.8446e-19,0.48533,1,43.844,28.33,6.8464,0
1.0437,0.099281,-5.8446e-19,0.48533,1,43.913,28.34,6.9149,0
1.0437,0.099281,-5.8446e-19,0.48533,1,43.983,28.35,6.9834,0
1.0437,0.099281,-5.8446e-19,0.48533,1,44.052,28.36,7.052,0
1.0437,0.099281,-5.8446e-19,0.48533,1,44.121,28.37,7.1205,0
1.0437,0.099281,-5.8446e-19,0.48533,1,44.191,28.38,7.1891,0
1.0437,0.099281,-5.8446e-19,0.48533,1,44.26,28.39,7.2576,0
1.0437,0.099281,-5.8446e-19,0.48533,1,44.329,28.4,7.3261,0
1.0437,0.099281,-5.8446e-19,0.48533,1,44.398,28.41,7.3947,0
1.0437,0.099281,-5.8446e-19,0.48533,1,44.468,28.42,7.4632,0
1.0437,0.099281,-5.8446e-19,0.48533,1,44.537,28.43,7.5318,0
1.0437,0.099281,-5.8446e-19,0.48533,1,44.606,28.44,7.6003,0
1.0437,0.099281,-5.8446e-19,0.48533,1,44.675,28.45,7.6688,0
1.0437,0.099281,-5.8446e-19,0.48533,1,44.745,28.46,7.7374,0
1.0437,0.099281,-5.8446e-19,0.48533,1,44.814,28.47,7.8059,0
1.0437,0.099281,-5.8446e-19,0.48533,1,44.883,28.48,7.8744,0
1.0437,0.099281,-5.8446e-19,0.48533,1,44.952,28.49,7.943,0
1.0437,0.099281,-5.8446e-19,0.48533,1,45.022,28.5,8.0115,0
1.0437,0.099281,-5.8446e-19,0.48533,1,45.091,28.51,8.0801,0
1.0437,0.099281,-5.8446e-19,0.48533,1,45.16,28.52,8.1486,0
1.0437,0.099281,-5.8446e-19,0.48533,1,45.23,28.53,8.2171,0
1.0538,0.093879,-3.4263e-19,0.46949,1,45.299,28.54,8.2857,0
1.0538,0.093879,-3.4263e-19,0.46949,1,45.368,28.55,8.3542,0
1.0538,0.093879,-3.4263e-19,0.46949,1,45.437,28.56,8.4228,0
1.0538,0.093879,-3.4263e-19,0.46949,1,45.507,28.57,8.4913,0
1.0538,0.093879,-3.4263e-19,0.46949,1,45.576,28.58,8.5598,0
1.0538,0.093879,-3.4263e-19,0.46949,1,45.645,28.59,8.6284,0
1.0538,0.093879,-3.4263e-19,0.46949,1,45.714,28.6,8.6969,0
1.0538,0.093879,-3.4263e-19,0.46949,1,45.784,28.61,8.7654,0
1.0538,0.093879,-3.4263e-19,0.46949,1,45.853,28.62,8.834,0
1.0538,0.093879,-3.4263e-19,0.46949,1,45.922,28.63,8.9025,0
1.0538,0.093879,-3.4263e-19,0.46949,1,45.991,28.64,8.9711,0
1.0538,0.093879,-3.4263e-19,0.46949,1,46.061,28.65,9.0396,0
1.0538,0.093879,-3.4263e-19,0.46949,1,46.13,28.66,9.1081,0
1.0538,0.093879,-3.4263e-19,0.46949,1,46.199,28.67,9.1767,0
1.0538,0.093879,-3.4263e-19,0.46949,1,46.268,28.68,9.2452,0
1.0538,0.093879,-3.4263e-19,0.46949,1,46.338,28.69,9.3138,0
1.075,0.1131,0,0.45393,1,46.407,28.7,9.3823,0
1.075,0.1131,0,0.45393,1,46.476,28.71,9.4508,0
1.075,0.1131,0,0.45393,1,46.546,28.72,9.5194,0
1.075,0.1131,0,0.45393,1,46.615,28.73,9.5879,0
1.075,0.1131,0,0.45393,1,46.684,28.74,9.6564,0
1.075,0.1131,0,0.45393,1,46.753,28.75,9.725,0
1.075,0.1131,0,0.45393,1,46.823,28.76,9.7935,0
1.075,0.1131,0,0.45393,1,46.892,28.77,9.8621,0
1.075,0.1131,0,0.45393,1,46.961,28.78,9.9306,0
1.075,0.1131,0,0.45393,1,47.03,28.79,9.9991,0
1.075,0.1131,0,0.45393,1,47.1,28.8,10.068,0
1.075,0.1131,0,0.45393,1,47.169,28.81,10.136,0
1.075,0.1131,0,0.45393,1,47.238,28.82,10.205,0
1.1067,0.097924,0,0.43265,1,47.307,28.83,10.273,0
1.1067,0.097924,0,0.43265,1,47.377,28.84,10.342,0
1.1067,0.097924,0,0.43265,1,47.446,28.85,10.41,0
1.1067,0.097924,0,0.43265,1,47.515,28.86,10.479,0
1.1067,0.097924,0,0.43265,1,47.584,28.87,10.547,0
1.1067,0.097924,0,0.43265,1,47.654,28.88,10.616,0
1.1067,0.097924,0,0.43265,1,47.723,28.89,10.685,0
1.1067,0.097924,0,0.43265,1,47.792,28.9,10.753,0
1.1067,0.097924,0,0.43265,1,47.862,28.91,10.822,0
1.1067,0.097924,0,0.43265,1,47.931,28.92,10.89,0
1.1067,0.097924,0,0.43265,1,48,28.93,10.959,0
1.1067,0.097924,0,0.43265,1,48.069,28.94,11.027,0
1.1067,0.097924,0,0.43265,1,48.139,28.95,11.096,0
1.1067,0.097924,0,0.43265,1,48.208,28.96,11.164,0
1.1067,0.097924,0,0.43265,1,48.277,28.97,11.233,0
1.1067,0.097924,0,0.43265,1,48.346,28.98,11.301,0
1.1409,0.084254,0,0.3882,1,48.416,28.99,11.37,0
1.1409,0.084254,0,0.3882,1,48.485,29,11.438,0
1.1409,0.084254,0,0.3882,1,48.554,29.01,11.507,0
1.1409,0.084254,0,0.3882,1,48.623,29.02,11.576,0
1.1409,0.084254,0,0.3882,1,48.693,29.03,11.644,0
1.1409,0.084254,0,0.3882,1,48.762,29.04,11.713,0
1.1409,0.084254,0,0.3882,1,48.831,29.05,11.781,0
1.1409,0.084254,0,0.3882,1,48.901,29.06,11.85,0
1.1409,0.084254,0,0.3882,1,48.97,29.07,11.918,0
1.1409,0.084254,0,0.3882,1,49.039,29.08,11.987,0
1.1409,0.084254,0,0.3882,1,49.108,29.09,12.055,0
1.1409,0.084254,0,0.3882,1,49.178,29.1,12.124,0
1.1409,0.084254,0,0.3882,1,49.247,29.11,12.192,0
1.1409,0.084254,0,0.3882,1,49.316,29.12,12.261,0
1.1409,0.084254,0,0.3882,1,49.385,29.13,12.329,0
1.1409,0.084254,0,0.3882,1,49.455,29.14,12.398,0
1.1409,0.084254,0,0.3882,1,49.524,29.15,12.467,0
1.1409,0.084254,0,0.3882,1,49.593,29.16,12.535,0
1.1409,0.084254,0,0.3882,1,49.662,29.17,12.604,0
1.1409,0.084254,0,0.3882,1,49.732,29.18,12.672,0
1.1409,0.084254,0,0.3882,1,49.801,29.19,12.741,0
1.1409,0.084254,0,0.3882,1,49.87,29.2,12.809,0
1.1409,0.084254,0,0.3882,1,49.939,29.21,12.878,0
1.1409,0.084254,0,0.3882,1,50.009,29.22,12.946,0
1.1409,0.084254,0,0.3882,1,50.078,29.23,13.015,0
1.1409,0.084254,0,0.3882,1,50.147,29.24,13.083,0
1.1409,0.084254,0,0.3882,1,50.217,29.25,13.152,0
1.1409,0.084254,0,0.3882,1,50.286,29.26,13.22,0
1.1634,0.087609,0,0.35126,1,50.355,29.27,13.289,0
1.1634,0.087609,0,0.35126,1,50.424,29.28,13.358,0
1.1634,0.087609,0,0.35126,1,50.494,29.29,13.426,0
1.1634,0.087609,0,0.35126,1,50.563,29.3,13.495,0
1.1634,0.087609,0,0.35126,1,50.632,29.31,13.563,0
1.1634,0.087609,0,0.35126,1,50.701,29.32,13.632,0
1.1634,0.087609,0,0.35126,1,50.771,29.33,13.7,0
1.1634,0.087609,0,0.35126,1,50.84,29.34,13.769,0
1.1634,0.087609,0,0.35126,1,50.909,29.35,13.837,0
1.1634,0.087609,0,0.35126,1,50.978,29.36,13.906,0
1.1634,0.087609,0,0.35126,1,51.048,29.37,13.974,0
1.1634,0.087609,0,0.35126,1,51.117,29.38,14.043,0
1.1634,0.087609,0,0.35126,1,51.186,29.39,14.111,0
1.1634,0.087609,0,0.35126,1,51.255,29.4,14.18,0
1.1634,0.087609,0,0.35126,1,51.325,29.41,14.249,0
1.0145,0.040314,0,0.32842,1,51.394,29.42,14.317,0
1.0145,0.040314,0,0.32842,1,51.463,29.43,14.386,0
1.0145,0.040314,0,0.32842,1,51.533,29.44,14.454,0
1.0145,0.040314,0,0.32842,1,51.602,29.45,14.523,0
1.0145,0.040314,0,0.32842,1,51.671,29.46,14.591,0
1.0145,0.040314,0,0.32842,1,51.74,29.47,14.66,0
1.0145,0.040314,0,0.32842,1,51.81,29.48,14.728,0
1.0145,0.040314,0,0.32842,1,51.879,29.49,14.797,0
1.0145,0.040314,0,0.32842,1,51.948,29.5,14.865,0
1.0145,0.040314,0,0.32842,1,52.017,29.51,14.934,0
1.0145,0.040314,0,0.32842,1,52.087,29.52,15.002,0
1.0145,0.040314,0,0.32842,1,52.156,29.53,15.071,0
1.0145,0.040314,0,0.32842,1,52.225,29.54,15.14,0
1.0145,0.040314,0,0.32842,1,52.294,29.55,15.208,0
0.90825,-0.0051814,0,0.3577,1,52.364,29.56,15.277,0
0.90825,-0.0051814,0,0.3577,1,52.433,29.57,15.345,0
0.90825,-0.0051814,0,0.3577,1,52.502,29.58,15.414,0
0.90825,-0.0051814,0,0.3577,1,52.572,29.59,15.482,0
0.90825,-0.0051814,0,0.3577,1,52.641,29.6,15.551,0
0.90825,-0.0051814,0,0.3577,1,52.71,29.61,15.619,0
0.90825,-0.0051814,0,0.3577,1,52.779,29.62,15.688,0
0.90825,-0.0051814,0,0.3577,1,52.849,29.63,15.756,0
0.90825,-0.0051814,0,0.3577,1,52.918,29.64,15.825,0
0.90825,-0.0051814,0,0.3577,1,52.987,29.65,15.893,0
0.90825,-0.0051814,0,0.3577,1,53.056,29.66,15.962,0
nan,nan,nan,nan,0,53.126,29.67,16.031,0
nan,nan,nan,nan,0,53.195,29.68,16.099,0
nan,nan,nan,nan,0,53.264,29.69,16.168,0
nan,nan,nan,nan,0,53.333,29.7,16.236,0
nan,nan,nan,nan,0,53.403,29.71,16.305,0
nan,nan,nan,nan,0,53.472,29.72,16.373,0
nan,nan,nan,nan,0,53.541,29.73,16.442,0
nan,nan,nan,nan,0,53.61,29.74,16.51,0
nan,nan,nan,nan,0,53.68,29.75,16.579,0
nan,nan,nan,nan,0,53.749,29.76,16.647,0
nan,nan,nan,nan,0,53.818,29.77,16.716,0
nan,nan,nan,nan,0,53.888,29.78,16.784,0
nan,nan,nan,nan,0,53.957,29.79,16.853,0
nan,nan,nan,nan,0,54.026,29.8,16.922,0
nan,nan,nan,nan,0,54.095,29.81,16.99,0
nan,nan,nan,nan,0,54.165,29.82,17.059,0
nan,nan,nan,nan,0,54.234,29.83,17.127,0
nan,nan,nan,nan,0,54.303,29.84,17.196,0
nan,nan,nan,nan,0,54.372,29.85,17.264,0
nan,nan,nan,nan,0,54.442,29.86,17.333,0
nan,nan,nan,nan,0,54.511,29.87,17.401,0
nan,nan,nan,nan,0,54.58,29.88,17.47,0
nan,nan,nan,nan,0,54.649,29.89,17.538,0
nan,nan,nan,nan,0,54.719,29.9,17.607,0
nan,nan,nan,nan,0,54.788,29.91,17.675,0
nan,nan,nan,nan,0,54.857,29.92,17.744,0
nan,nan,nan,nan,0,54.926,29.93,17.813,0
nan,nan,nan,nan,0,54.996,29.94,17.881,0
nan,nan,nan,nan,0,55.065,29.95,17.95,0
nan,nan,nan,nan,0,55.134,29.96,18.018,0
nan,nan,nan,nan,0,55.204,29.97,18.087,0
nan,nan,nan,nan,0,55.273,29.98,18.155,0
nan,nan,nan,nan,0,55.342,29.99,18.224,0
nan,nan,nan,nan,0,55.411,30,18.292,0
nan,nan,nan,nan,0,55.481,30.01,18.361,0
nan,nan,nan,nan,0,55.55,30.02,18.429,0
nan,nan,nan,nan,0,55.619,30.03,18.498,0
nan,nan,nan,nan,0,55.688,30.04,18.566,0
nan,nan,nan,nan,0,55.758,30.05,18.635,0
nan,nan,nan,nan,0,55.827,30.06,18.704,0
nan,nan,nan,nan,0,55.896,30.07,18.772,0
nan,nan,nan,nan,0,55.965,30.08,18.841,0
nan,nan,nan,nan,0,56.035,30.09,18.909,0
nan,nan,nan,nan,0,56.104,30.1,18.978,0
nan,nan,nan,nan,0,56.173,30.11,19.046,0
nan,nan,nan,nan,0,56.243,30.12,19.115,0
nan,nan,nan,nan,0,56.312,30.13,19.183,0
nan,nan,nan,nan,0,56.381,30.14,19.252,0
nan,nan,nan,nan,0,56.45,30.15,19.32,0
nan,nan,nan,nan,0,56.52,30.16,19.389,0
nan,nan,nan,nan,0,56.589,30.17,19.457,0
nan,nan,nan,nan,0,56.658,30.18,19.526,0
nan,nan,nan,nan,0,56.727,30.19,19.595,0
nan,nan,nan,nan,0,56.797,30.2,19.663,0
nan,nan,nan,nan,0,56.866,30.21,19.732,0
nan,nan,nan,nan,0,56.935,30.22,19.8,0
nan,nan,nan,nan,0,57.004,30.23,19.869,0
nan,nan,nan,nan,0,57.074,30.24,19.937,0
nan,nan,nan,nan,0,57.143,30.25,20.006,0
nan,nan,nan,nan,0,57.212,30.26,20.074,0
nan,nan,nan,nan,0,57.281,30.27,20.143,0
nan,nan,nan,nan,0,57.351,30.28,20.211,0
nan,nan,nan,nan,0,57.42,30.29,20.28,0
nan,nan,nan,nan,0,57.489,30.3,20.348,0
nan,nan,nan,nan,0,57.559,30.31,20.417,0
nan,nan,nan,nan,0,57.628,30.32,20.486,0
nan,nan,nan,nan,0,57.697,30.33,20.554,0
nan,nan,nan,nan,0,57.766,30.34,20.623,0
nan,nan,nan,nan,0,57.836,30.35,20.691,0
nan,nan,nan,nan,0,57.905,30.36,20.76,0
nan,nan,nan,nan,0,57.974,30.37,20.828,0
nan,nan,nan,nan,0,58.043,30.38,20.897,0
nan,nan,nan,nan,0,58.113,30.39,20.965,0
nan,nan,nan,nan,0,58.182,30.4,21.034,0
nan,nan,nan,nan,0,58.251,30.41,21.102,0
nan,nan,nan,nan,0,58.32,30.42,21.171,0
nan,nan,nan,nan,0,58.39,30.43,21.239,0
nan,nan,nan,nan,0,58.459,30.44,21.308,0
nan,nan,nan,nan,0,58.528,30.45,21.377,0
nan,nan,nan,nan,0,58.597,30.46,21.445,0
nan,nan,nan,nan,0,58.667,30.47,21.514,0
nan,nan,nan,nan,0,58.736,30.48,21.582,0
nan,nan,nan,nan,0,58.805,30.49,21.651,0
nan,nan,nan,nan,0,58.875,30.5,21.719,0
nan,nan,nan,nan,0,58.944,30.51,21.788,0
nan,nan,nan,nan,0,59.013,30.52,21.856,0
nan,nan,nan,nan,0,59.082,30.53,21.925,0
nan,nan,nan,nan,0,59.152,30.54,21.993,0
nan,nan,nan,nan,0,59.221,30.55,22.062,0
nan,nan,nan,nan,0,59.29,30.56,22.13,0
nan,nan,nan,nan,0,59.359,30.57,22.199,0
nan,nan,nan,nan,0,59.429,30.58,22.268,0
nan,nan,nan,nan,0,59.498,30.59,22.336,0
nan,nan,nan,nan,0,59.567,30.6,22.405,0
nan,nan,nan,nan,0,59.636,30.61,22.473,0
nan,nan,nan,nan,0,59.706,30.62,22.542,0
nan,nan,nan,nan,0,59.775,30.63,22.61,0
nan,nan,nan,nan,0,59.844,30.64,22.679,0
nan,nan,nan,nan,0,59.914,30.65,22.747,0
nan,nan,nan,nan,0,59.983,30.66,22.816,0
nan,nan,nan,nan,0,60.052,30.67,22.884,0
nan,nan,nan,nan,0,60.121,30.68,22.953,0
nan,nan,nan,nan,0,60.191,30.69,23.021,0
nan,nan,nan,nan,0,60.26,30.7,23.09,0
nan,nan,nan,nan,0,60.329,30.71,23.159,0
nan,nan,nan,nan,0,60.398,30.72,23.227,0
nan,nan,nan,nan,0,60.468,30.73,23.296,0
nan,nan,nan,nan,0,60.537,30.74,23.364,0
nan,nan,nan,nan,0,60.606,30.75,23.433,0
nan,nan,nan,nan,0,60.675,30.76,23.501,0
nan,nan,nan,nan,0,60.745,30.77,23.57,0
nan,nan,nan,nan,0,60.814,30.78,23.638,0
nan,nan,nan,nan,0,60.883,30.79,23.707,0
nan,nan,nan,nan,0,60.952,30.8,23.775,0
nan,nan,nan,nan,0,61.022,30.81,23.844,0
nan,nan,nan,nan,0,61.091,30.82,23.912,0
nan,nan,nan,nan,0,61.16,30.83,23.981,0
nan,nan,nan,nan,0,61.23,30.84,24.05,0
nan,nan,nan,nan,0,61.299,30.85,24.118,0
nan,nan,nan,nan,0,61.368,30.86,24.187,0
nan,nan,nan,nan,0,61.437,30.87,24.255,0
nan,nan,nan,nan,0,61.507,30.88,24.324,0
nan,nan,nan,nan,0,61.576,30.89,24.392,0
nan,nan,nan,nan,0,61.645,30.9,24.461,0
nan,nan,nan,nan,0,61.714,30.91,24.529,0
nan,nan,nan,nan,0,61.784,30.92,24.598,0
nan,nan,nan,nan,0,61.853,30.93,24.666,0
nan,nan,nan,nan,0,61.922,30.94,24.735,0
nan,nan,nan,nan,0,61.991,30.95,24.803,0
nan,nan,nan,nan,0,62.061,30.96,24.872,0
nan,nan,nan,nan,0,62.13,30.97,24.941,0
nan,nan,nan,nan,0,62.199,30.98,25.009,0
nan,nan,nan,nan,0,62.268,30.99,25.078,0
nan,nan,nan,nan,0,62.338,31,25.146,0
nan,nan,nan,nan,0,62.407,31.01,25.215,0
nan,nan,nan,nan,0,62.476,31.02,25.283,0
nan,nan,nan,nan,0,62.546,31.03,25.352,0
nan,nan,nan,nan,0,62.615,31.04,25.42,0
nan,nan,nan,nan,0,62.684,31.05,25.489,0
nan,nan,nan,nan,0,62.753,31.06,25.557,0
nan,nan,nan,nan,0,62.823,31.07,25.626,0
nan,nan,nan,nan,0,62.892,31.08,25.694,0
nan,nan,nan,nan,0,62.961,31.09,25.763,0
nan,nan,nan,nan,0,63.03,31.1,25.832,0
nan,nan,nan,nan,0,63.1,31.11,25.9,0
nan,nan,nan,nan,0,63.169,31.12,25.969,0
nan,nan,nan,nan,0,63.238,31.13,26.037,0
nan,nan,nan,nan,0,63.307,31.14,26.106,0
nan,nan,nan,nan,0,63.377,31.15,26.174,0
nan,nan,nan,nan,0,63.446,31.16,26.243,0
nan,nan,nan,nan,0,63.515,31.17,26.311,0
nan,nan,nan,nan,0,63.585,31.18,26.38,0
nan,nan,nan,nan,0,63.654,31.19,26.448,0
nan,nan,nan,nan,0,63.723,31.2,26.517,0
nan,nan,nan,nan,0,63.792,31.21,26.585,0
nan,nan,nan,nan,0,63.862,31.22,26.654,0
nan,nan,nan,nan,0,63.931,31.23,26.723,0
nan,nan,nan,nan,0,64,31.24,26.791,0
nan,nan,nan,nan,0,64.069,31.25,26.86,0
nan,nan,nan,nan,0,64.139,31.26,26.928,0
nan,nan,nan,nan,0,64.208,31.27,26.997,0
nan,nan,nan,nan,0,64.277,31.28,27.065,0
nan,nan,nan,nan,0,64.346,31.29,27.134,0
nan,nan,nan,nan,0,64.416,31.3,27.202,0
nan,nan,nan,nan,0,64.485,31.31,27.271,0
nan,nan,nan,nan,0,64.554,31.32,27.339,0
nan,nan,nan,nan,0,64.623,31.33,27.408,0
nan,nan,nan,nan,0,64.693,31.34,27.476,0
nan,nan,nan,nan,0,64.762,31.35,27.545,0
nan,nan,nan,nan,0,64.831,31.36,27.614,0
nan,nan,nan,nan,0,64.901,31.37,27.682,0
nan,nan,nan,nan,0,64.97,31.38,27.751,0
nan,nan,nan,nan,0,65.039,31.39,27.819,0
nan,nan,nan,nan,0,65.108,31.4,27.888,0
nan,nan,nan,nan,0,65.178,31.41,27.956,0
nan,nan,nan,nan,0,65.247,31.42,28.025,0
nan,nan,nan,nan,0,65.316,31.43,28.093,0
nan,nan,nan,nan,0,65.385,31.44,28.162,0
nan,nan,nan,nan,0,65.455,31.45,28.23,0
nan,nan,nan,nan,0,65.524,31.46,28.299,0
nan,nan,nan,nan,0,65.593,31.47,28.367,0
nan,nan,nan,nan,0,65.662,31.48,28.436,0
nan,nan,nan,nan,0,65.732,31.49,28.505,0
nan,nan,nan,nan,0,65.801,31.5,28.573,0
nan,nan,nan,nan,0,65.87,31.51,28.642,0
nan,nan,nan,nan,0,65.939,31.52,28.71,0
nan,nan,nan,nan,0,66.009,31.53,28.779,0
nan,nan,nan,nan,0,66.078,31.54,28.847,0
nan,nan,nan,nan,0,66.147,31.55,28.916,0
nan,nan,nan,nan,0,66.217,31.56,28.984,0
nan,nan,nan,nan,0,66.286,31.57,29.053,0
nan,nan,nan,nan,0,66.355,31.58,29.121,0
nan,nan,nan,nan,0,66.424,31.59,29.19,0
nan,nan,nan,nan,0,66.494,31.6,29.258,0
nan,nan,nan,nan,0,66.563,31.61,29.327,0
nan,nan,nan,nan,0,66.632,31.62,29.396,0
nan,nan,nan,nan,0,66.701,31.63,29.464,0
nan,nan,nan,nan,0,66.771,31.64,29.533,0
nan,nan,nan,nan,0,66.84,31.65,29.601,0
nan,nan,nan,nan,0,66.909,31.66,29.67,0
nan,nan,nan,nan,0,66.978,31.67,29.738,0
nan,nan,nan,nan,0,67.048,31.68,29.807,0
nan,nan,nan,nan,0,67.117,31.69,29.875,0
nan,nan,nan,nan,0,67.186,31.7,29.944,0
nan,nan,nan,nan,0,67.256,31.71,30.012,0
nan,nan,nan,nan,0,67.325,31.72,30.081,0
nan,nan,nan,nan,0,67.394,31.73,30.149,0
nan,nan,nan,nan,0,67.463,31.74,30.218,0
nan,nan,nan,nan,0,67.533,31.75,30.287,0
nan,nan,nan,nan,0,67.602,31.76,30.355,0
nan,nan,nan,nan,0,67.671,31.77,30.424,0
nan,nan,nan,nan,0,67.74,31.78,30.492,0
nan,nan,nan,nan,0,67.81,31.79,30.561,0
nan,nan,nan,nan,0,67.879,31.8,30.629,0
nan,nan,nan,nan,0,67.948,31.81,30.698,0
nan,nan,nan,nan,0,68.017,31.82,30.766,0
nan,nan,nan,nan,0,68.087,31.83,30.835,0
nan,nan,nan,nan,0,68.156,31.84,30.903,0
nan,nan,nan,nan,0,68.225,31.85,30.972,0
nan,nan,nan,nan,0,68.294,31.86,31.04,0
nan,nan,nan,nan,0,68.364,31.87,31.109,0
nan,nan,nan,nan,0,68.433,31.88,31.178,0
nan,nan,nan,nan,0,68.502,31.89,31.246,0
nan,nan,nan,nan,0,68.572,31.9,31.315,0
nan,nan,nan,nan,0,68.641,31.91,31.383,0
nan,nan,nan,nan,0,68.71,31.92,31.452,0
nan,nan,nan,nan,0,68.779,31.93,31.52,0
nan,nan,nan,nan,0,68.849,31.94,31.589,0
nan,nan,nan,nan,0,68.918,31.95,31.657,0
nan,nan,nan,nan,0,68.987,31.96,31.726,0
nan,nan,nan,nan,0,69.056,31.97,31.794,0
nan,nan,nan,nan,0,69.126,31.98,31.863,0
nan,nan,nan,nan,0,69.195,31.99,31.931,0
nan,nan,nan,nan,0,69.264,32,32,0
