time_s,liquid_volume_m3,gas_volume_m3,vapour_water_volume_m3,phaseChange_mDot_integ
2.0,2.3761334884157096e-05,1.8238663417340933e-05,6.633090833965313e-08,-2.05022169134308e-08
4.0,2.376293213964024e-05,1.823706616276177e-05,9.41282826821023e-08,-1.6488366908026797e-08
6.0,2.3764614954981094e-05,1.8235383344150237e-05,9.982601670563051e-08,-1.6853921490072764e-08
8.0,2.376597599784382e-05,1.8234022301735906e-05,9.05081658474021e-08,-2.615489096498778e-08
10.0,2.376656582573264e-05,1.8233432477200807e-05,6.986619999055101e-08,-2.6911949994719653e-08
12.0,2.376771327574188e-05,1.8232285028599197e-05,7.812076317749674e-08,-2.0059963289011387e-08
14.0,2.376895308918897e-05,1.8231045212235444e-05,8.426169061178552e-08,-2.269587907207844e-08
16.0,2.3770207182563468e-05,1.822979111886468e-05,8.615520780935344e-08,-2.4093473704090355e-08
18.0,2.377146249476657e-05,1.822853580797614e-05,7.497425260722064e-08,-3.45868563361311e-08
20.0,2.377275250039523e-05,1.8227245804919527e-05,7.4691014994871e-08,-3.106715019616851e-08
22.0,2.37742005727695e-05,1.8225797729757542e-05,7.424292172297279e-08,-3.5301982040615887e-08
24.0,2.3775413084173467e-05,1.822458521704963e-05,7.712481954969739e-08,-3.444672653962002e-08
26.0,2.377670243042544e-05,1.822329587271347e-05,7.825812856913656e-08,-3.0621492706390046e-08
28.0,2.377804590008419e-05,1.822195240233827e-05,8.097966822182091e-08,-2.908880381389604e-08
30.0,2.377938672435004e-05,1.8220611577598522e-05,1.0714602456104132e-07,-4.841837609811845e-08
32.0,2.378071604767728e-05,1.82192822546322e-05,6.92427665520369e-08,-5.975687101458196e-08
34.0,2.378211531820585e-05,1.8217882985939142e-05,7.093391658642728e-08,-3.975153151400771e-08
36.0,2.378352397404147e-05,1.8216474331755988e-05,9.826070404464234e-08,-4.073175378822862e-08
38.0,2.378476140566621e-05,1.821523689350821e-05,7.195257328906203e-08,-4.656534398853292e-08
40.0,2.3786080702108135e-05,1.8213917597792634e-05,7.707178806303279e-08,-3.7243045574716066e-08
42.0,2.3787555898683867e-05,1.821244240586758e-05,8.733850776476116e-08,-4.9088668737938965e-08
44.0,2.378896426987903e-05,1.8211034035823692e-05,9.915100017536156e-08,-3.393411368226114e-08
46.0,2.379043277760402e-05,1.8209565522300685e-05,1.2513608757677852e-07,-6.467204132289287e-08
48.0,2.3791710915053127e-05,1.8208287391566344e-05,8.086202035191361e-08,-5.2987765931057794e-08
50.0,2.3792882573261925e-05,1.8207115729074805e-05,8.354623523026864e-08,-5.065964227073117e-08
52.0,2.3794106579235413e-05,1.8205891720264692e-05,8.235260276381732e-08,-5.474505308668942e-08
54.0,2.3795556005823574e-05,1.8204442299421935e-05,8.350929558394101e-08,-5.230459682762225e-08
56.0,2.3796859352699122e-05,1.8203138952334002e-05,8.881062797749721e-08,-5.362452938649509e-08
58.0,2.3798142917868727e-05,1.820185538489992e-05,1.1210642624750906e-07,-6.784315545470879e-08
60.0,2.3799560677155955e-05,1.8200437625536956e-05,8.462847050673669e-08,-5.332743075144296e-08
62.0,2.3801062487811686e-05,1.8198935813549954e-05,9.055417718741394e-08,-7.454073955035402e-08
64.0,2.380264536294731e-05,1.8197352938221534e-05,9.177606316556564e-08,-5.906615199061283e-08
66.0,2.3803965691915325e-05,1.8196032610244115e-05,8.848653521942678e-08,-5.972509185618e-08
68.0,2.3805403185660073e-05,1.81945951154365e-05,1.197433847679319e-07,-7.933238292058673e-08
70.0,2.3806901389723966e-05,1.8193096913157475e-05,8.817551689267893e-08,-7.822481019560969e-08
72.0,2.3808469149027267e-05,1.819152915042978e-05,1.0405608667432642e-07,-5.5636121174222526e-08
74.0,2.3809975244169172e-05,1.8190023056644925e-05,1.0028977159206969e-07,-6.933933881421162e-08
76.0,2.3811462597281278e-05,1.8188535707604774e-05,1.1277326442255732e-07,-7.650924421672472e-08
78.0,2.3812914867262044e-05,1.8187083432240307e-05,1.0470128175155987e-07,-8.497174998016926e-08
80.0,2.3814374315159017e-05,1.8185623989886935e-05,9.5679349599746e-08,-5.969796154498509e-08
82.0,2.3815754949120046e-05,1.81842433491257e-05,1.0867754544237143e-07,-8.256568054291227e-08
84.0,2.38169199734413e-05,1.8183078327953968e-05,1.1766908693947078e-07,-9.202127748750817e-08
86.0,2.3818523016487553e-05,1.8181475285509186e-05,1.1033588216573011e-07,-9.946205516013868e-08
88.0,2.3820058428830424e-05,1.8179939872620846e-05,9.146619167786556e-08,-7.766263840770374e-08
90.0,2.382162252584011e-05,1.8178375773562275e-05,1.0341049439717771e-07,-9.199733316829505e-08
92.0,2.3823178717645638e-05,1.8176819588174018e-05,1.0770715109407965e-07,-7.953338319566674e-08
94.0,2.3824804155059607e-05,1.8175194148601656e-05,1.4164059311494546e-07,-1.0269512891638023e-07
96.0,2.382642842973218e-05,1.817356987251976e-05,1.0587535580501825e-07,-6.30327890039498e-08
98.0,2.3828044402296418e-05,1.817195389943043e-05,1.2494130698014834e-07,-6.618651768482068e-08
100.0,2.3829705194983766e-05,1.817029311112246e-05,1.2507750759302922e-07,-5.627524298936684e-08
102.0,2.383137866893625e-05,1.816861963610029e-05,1.2980880741230598e-07,-9.46434267599338e-08
104.0,2.383286065884361e-05,1.8167137643490105e-05,1.4177520980416498e-07,-6.332112729416959e-08
106.0,2.3834403280085395e-05,1.8165595017636324e-05,1.1340102371848166e-07,-1.4012238038743318e-07
108.0,2.3835877540597522e-05,1.8164120761621685e-05,1.0921183211194798e-07,-8.589660634170487e-08
110.0,2.383741380661329e-05,1.816258449847892e-05,1.461190505045612e-07,-1.0083057841211899e-07
112.0,2.3839037264276148e-05,1.8160961037099804e-05,1.3128149501986786e-07,-7.07543840938365e-08
114.0,2.3840611196947253e-05,1.8159387105869884e-05,1.2185320828441824e-07,-7.530541700496295e-08
116.0,2.3842314509159618e-05,1.81576837913065e-05,1.1597687584653994e-07,-1.4009226666262807e-07
118.0,2.3843990068584244e-05,1.815600823400969e-05,1.2206776304970566e-07,-7.860035217978325e-08
120.0,2.3845586366682995e-05,1.8154411934168792e-05,1.762863046696952e-07,-1.2103793802911963e-07
122.0,2.384705288521622e-05,1.8152945417758022e-05,1.2617471257085713e-07,-1.1328346519077047e-07
124.0,2.384865548754099e-05,1.815134281679935e-05,1.1935071634954548e-07,-7.899803510919463e-08
126.0,2.3850375191851783e-05,1.8149623104247753e-05,1.2183500434140692e-07,-9.620628648431434e-08
128.0,2.385215953334632e-05,1.8147838761491496e-05,1.4067442094372297e-07,-8.362777723457485e-08
130.0,2.385382101896483e-05,1.81461772790457e-05,1.911239297564063e-07,-1.0948439821467647e-07
132.0,2.3855350825512644e-05,1.814464747968557e-05,1.601899734018083e-07,-1.681143304388738e-07
134.0,2.3857062288099438e-05,1.814293601690821e-05,1.5689295141270906e-07,-1.247697696029322e-07
136.0,2.385880976763065e-05,1.8141188533635316e-05,1.4164852656077957e-07,-1.1350122678468796e-07
138.0,2.3860372387466297e-05,1.8139625913483383e-05,1.6492594715693066e-07,-8.779393648362918e-08
140.0,2.3861934084200095e-05,1.813806421826051e-05,2.0235663728144607e-07,-1.3414282868849572e-07
142.0,2.386342969962673e-05,1.8136568603165485e-05,1.335933424578165e-07,-1.5817312963719392e-07
144.0,2.3865102672241673e-05,1.8134895631631006e-05,1.5013514163206117e-07,-1.2266395313731726e-07
146.0,2.3866871522579817e-05,1.813312678004621e-05,1.608741055801469e-07,-1.264371606562257e-07
148.0,2.3868321874070758e-05,1.8131676432311243e-05,1.7070045643632557e-07,-1.1186546928376624e-07
150.0,2.3869896940684748e-05,1.81301013584061e-05,1.5170924411228368e-07,-1.1046466576727846e-07
152.0,2.3871576374577032e-05,1.812842193113516e-05,1.7551386574167383e-07,-1.5957558779115697e-07
154.0,2.387316754690236e-05,1.8126830752507695e-05,1.9352324408049385e-07,-1.8409929879181668e-07
156.0,2.387484559846574e-05,1.812515270765586e-05,1.6823276173583685e-07,-1.2704331672652463e-07
158.0,2.3876476356632647e-05,1.812352193687193e-05,1.8414062829872878e-07,-2.1288299929323326e-07
160.0,2.387796659716796e-05,1.8122031710839656e-05,1.5517598943138904e-07,-2.8361257057180356e-07
162.0,2.387952148794311e-05,1.8120476812487743e-05,1.68070965325927e-07,-1.5336594137646625e-07
164.0,2.38810369261318e-05,1.811896137709744e-05,2.3886539829437953e-07,-1.7122300647889524e-07
166.0,2.3882558251575005e-05,1.8117440048741057e-05,1.8428141648955967e-07,-1.8116816247558476e-07
168.0,2.388425854512147e-05,1.811573975633828e-05,1.597056232667027e-07,-1.5897259024986818e-07
170.0,2.3886058215497765e-05,1.8113940085460582e-05,1.907443992855028e-07,-1.79760778945633e-07
172.0,2.3887715493088463e-05,1.8112282808708003e-05,1.772214557623447e-07,-1.57428585679475e-07
174.0,2.3889474999519333e-05,1.8110523302993086e-05,2.1609609594358367e-07,-2.580016834852531e-07
176.0,2.3891029557957704e-05,1.8108968742981128e-05,1.752880219290744e-07,-1.152810755169157e-07
178.0,2.389279460009055e-05,1.810720369893659e-05,1.7706658178389272e-07,-1.791932930509423e-07
180.0,2.389431014315421e-05,1.8105688155264337e-05,1.7635484334735408e-07,-1.7524275421120783e-07
182.0,2.3895905502476593e-05,1.8104092798118326e-05,2.0893130232734064e-07,-2.7566193745180087e-07
184.0,2.38974466898589e-05,1.810255161478468e-05,2.172943161820448e-07,-2.529193591420544e-07
186.0,2.3899103763400923e-05,1.810089453458068e-05,2.1696914085346568e-07,-1.6023387195805362e-07
188.0,2.3900736720240597e-05,1.8099261578458988e-05,2.43394855003944e-07,-1.9923203872568203e-07
190.0,2.3902102526545985e-05,1.8097895777496836e-05,2.0955415378767393e-07,-2.841527189674054e-07
192.0,2.3903424745810004e-05,1.809657355293754e-05,2.0718646842085408e-07,-2.1967244955961537e-07
194.0,2.3904912004896008e-05,1.8095086295970094e-05,2.072498303797239e-07,-2.1358840034109748e-07
196.0,2.3906345009706142e-05,1.8093653294205226e-05,2.180072487254983e-07,-1.7904658062034339e-07
198.0,2.3907934366007824e-05,1.809206393445876e-05,2.0649601452930863e-07,-2.781831408130713e-07
200.0,2.3909506967277675e-05,1.8090491336728622e-05,2.3485615445558874e-07,-2.9518103889632e-07
202.0,2.39109790759352e-05,1.8089019221291817e-05,1.879514570872336e-07,-2.501628300396167e-07
204.0,2.391258398192942e-05,1.8087414318286668e-05,2.482231976910271e-07,-3.164549375381542e-07
206.0,2.3913957332644598e-05,1.8086040964214543e-05,2.1085200027466625e-07,-2.9498273475409647e-07
208.0,2.3915191161099974e-05,1.8084807133936098e-05,2.966863442723556e-07,-2.9451240600295763e-07
210.0,2.3916598436194807e-05,1.8083399866247596e-05,2.6599925378448434e-07,-2.4791210669706313e-07
212.0,2.391810532311457e-05,1.8081892976915375e-05,2.801402691030678e-07,-2.690605445872049e-07
214.0,2.3919414679827202e-05,1.808058362486281e-05,2.4936480114616443e-07,-3.5624259014010956e-07
216.0,2.3920937667087128e-05,1.807906063688256e-05,2.1946095162932244e-07,-3.1739635592113e-07
218.0,2.3922579165478887e-05,1.807741913684763e-05,2.812790959889526e-07,-3.316813047490424e-07
220.0,2.3924100091869543e-05,1.8075898206856717e-05,2.1505420839168744e-07,-2.6250466622502374e-07
222.0,2.392569630983405e-05,1.8074301993563904e-05,2.8823078767548694e-07,-3.1734115191663333e-07
224.0,2.3926950516691358e-05,1.8073047785021245e-05,3.031084582629643e-07,-3.4297874550746095e-07
226.0,2.3928176627398066e-05,1.8071821670855017e-05,2.4093335437835333e-07,-2.4536762157516357e-07
228.0,2.392980750248004e-05,1.8070190799307965e-05,2.4295468154619435e-07,-2.985030383889166e-07
230.0,2.3931327032296017e-05,1.8068671265546353e-05,2.663464594219754e-07,-4.752741600643386e-07
232.0,2.3932652952639955e-05,1.8067345345911822e-05,2.451401768965745e-07,-3.213011350338542e-07
234.0,2.393426965286903e-05,1.806572864444277e-05,2.2825498060385774e-07,-3.1797933261922736e-07
236.0,2.3935799249449363e-05,1.806419904807719e-05,2.5778519798235634e-07,-2.826686256406667e-07
238.0,2.393726048390663e-05,1.8062737817350738e-05,2.992880194178812e-07,-3.7322085332107184e-07
240.0,2.393870033773478e-05,1.8061297965309017e-05,2.376802307356242e-07,-2.726603286971468e-07
242.0,2.3940396763341438e-05,1.805960153641974e-05,2.4111061045369976e-07,-3.192941190413903e-07
244.0,2.394166227422699e-05,1.8058336029308155e-05,3.5655169434395504e-07,-4.015693773987419e-07
246.0,2.3943163798304518e-05,1.805683450605378e-05,3.796064287935213e-07,-2.9937361157675943e-07
248.0,2.3944728589206748e-05,1.8055269711195986e-05,3.2760644432416943e-07,-4.1292709528058155e-07
250.0,2.3946344972845504e-05,1.8053653328018738e-05,2.638595381205342e-07,-3.7809634527908863e-07
252.0,2.3947704375768043e-05,1.80522939281964e-05,2.9360139901317314e-07,-2.924245410656601e-07
254.0,2.3949281483337616e-05,1.8050716815312763e-05,3.354507856863522e-07,-3.8207050998514397e-07
256.0,2.3950678695540357e-05,1.804931960422138e-05,3.2249422113496987e-07,-4.269641734233454e-07
258.0,2.3951987987314334e-05,1.8048010315861447e-05,2.971266409676688e-07,-4.822886033712559e-07
260.0,2.3953470133147787e-05,1.804652816686522e-05,2.870688850314541e-07,-4.6899053865010045e-07
262.0,2.3954995712114978e-05,1.8045002584826465e-05,2.902946299903313e-07,-3.5079350945217086e-07
264.0,2.3956412154300715e-05,1.804358615016318e-05,3.6423217186734185e-07,-5.446089575183808e-07
266.0,2.395765904661998e-05,1.8042339256319426e-05,2.799546516770659e-07,-3.9043581086944675e-07
268.0,2.3959093993566547e-05,1.8040904310457876e-05,3.812813853534181e-07,-3.811845920124324e-07
270.0,2.3960558580190925e-05,1.8039439719548748e-05,3.3183027516481505e-07,-3.662612762603394e-07
272.0,2.3961966283747617e-05,1.8038032019271666e-05,3.9831182369182847e-07,-4.197592394525167e-07
274.0,2.39632376701256e-05,1.8036760630430814e-05,3.3626125402916357e-07,-4.734047108575865e-07
276.0,2.39645972410529e-05,1.8035401057218725e-05,3.593396240522754e-07,-3.03890258173133e-07
278.0,2.3965918756850555e-05,1.803407954390067e-05,3.57454877739915e-07,-4.565932720750681e-07
280.0,2.3967078731725484e-05,1.8032919572632514e-05,4.2469828830419957e-07,-4.29948420268952e-07
282.0,2.3968435205761628e-05,1.8031563092494264e-05,4.2744275606666225e-07,-4.980863880342211e-07
284.0,2.3969796243005578e-05,1.8030202060808425e-05,2.9208013852102106e-07,-5.226772349724501e-07
286.0,2.3970939021924643e-05,1.802905927483753e-05,3.973553549887382e-07,-6.624122556454361e-07
288.0,2.397222412232957e-05,1.8027774179202108e-05,3.393350276519618e-07,-3.9499412545845685e-07
290.0,2.39734058762383e-05,1.8026592424536246e-05,4.0118708534602023e-07,-5.314881067796002e-07
292.0,2.397472113657678e-05,1.8025277165596034e-05,4.991413799047494e-07,-5.139344288000362e-07
294.0,2.397606293503323e-05,1.802393536956327e-05,5.069425087282227e-07,-5.149074404468433e-07
296.0,2.3977163511547893e-05,1.8022834786620724e-05,4.515441019345089e-07,-6.141983814109578e-07
298.0,2.397815590132269e-05,1.8021842402278633e-05,4.787063368437675e-07,-6.363176636946438e-07
300.0,2.3979299042567224e-05,1.8020699262484095e-05,4.652955758449203e-07,-6.728237156397087e-07
302.0,2.398051053914617e-05,1.8019487762139558e-05,3.84058540894236e-07,-5.544068101712156e-07
304.0,2.3981507309358e-05,1.8018490995942566e-05,4.794194458442674e-07,-8.371860861725873e-07
306.0,2.398241247022327e-05,1.8017585829677568e-05,4.7668258773638553e-07,-7.293880288811848e-07
308.0,2.398369040908817e-05,1.80163078904872e-05,4.1987571500431965e-07,-5.679165965076356e-07
310.0,2.3984729704832992e-05,1.801526859608831e-05,4.904005093825954e-07,-6.890593570173695e-07
312.0,2.3985611449769385e-05,1.801438684929232e-05,4.506863924859831e-07,-5.548899672158875e-07
314.0,2.398673558833461e-05,1.8013262713092107e-05,4.280908330773145e-07,-6.889046859514305e-07
316.0,2.39878840738757e-05,1.801211422749877e-05,5.256433847323498e-07,-5.790063938883346e-07
318.0,2.3988842294341074e-05,1.801115599983976e-05,4.781065449376526e-07,-7.616072172784346e-07
320.0,2.3989913693446674e-05,1.8010084608134062e-05,4.630945428873231e-07,-7.557588441971573e-07
322.0,2.399091405875818e-05,1.800908424516918e-05,4.551505036181076e-07,-7.059750653771463e-07
324.0,2.399182906873775e-05,1.800816922985574e-05,4.963375574220526e-07,-6.731043009621168e-07
326.0,2.399271956542533e-05,1.800727873865963e-05,4.202577306469891e-07,-6.403182498975523e-07
328.0,2.399374725279095e-05,1.8006251049136327e-05,3.68954174772879e-07,-6.032460344851542e-07
330.0,2.3994731157241588e-05,1.800526714475449e-05,4.1915820241262447e-07,-5.124691783593389e-07
332.0,2.3995547123960866e-05,1.800445117549887e-05,4.850962308607851e-07,-6.057962097306465e-07
334.0,2.3996613750181996e-05,1.8003384557029846e-05,4.803287424534918e-07,-8.965097654733312e-07
336.0,2.399751025427745e-05,1.8002488049400984e-05,5.610762275819292e-07,-7.002192751325841e-07
338.0,2.399824430438794e-05,1.800175399977312e-05,4.829516910566648e-07,-7.957011123374459e-07
340.0,2.399885661658514e-05,1.8001141684347403e-05,4.871764990967112e-07,-7.342006061808916e-07
342.0,2.3999464735987342e-05,1.800053356543703e-05,4.5950768245189787e-07,-7.35056444304838e-07
344.0,2.400022841320072e-05,1.7999769890845098e-05,5.2837864331946e-07,-9.51959210794698e-07
346.0,2.4000998831442575e-05,1.7998999465240302e-05,5.197736677865371e-07,-8.147267196419905e-07
348.0,2.400173349139554e-05,1.7998264811668602e-05,5.193238358497057e-07,-8.74264603031714e-07
350.0,2.4002401517127453e-05,1.7997596785500677e-05,4.4552239735994876e-07,-8.141944522805575e-07
352.0,2.4003261195187763e-05,1.7996737100194803e-05,6.491597444601315e-07,-8.047880416883282e-07
354.0,2.4003899939892362e-05,1.7996098364678902e-05,6.43567789551483e-07,-9.003523211090581e-07
356.0,2.40045388438435e-05,1.7995459464562655e-05,4.46519201322162e-07,-6.297494480641744e-07
358.0,2.4005172050595038e-05,1.7994826246566755e-05,7.167920116405728e-07,-7.707025764152306e-07
360.0,2.4005860541685834e-05,1.79941377615039e-05,5.141334870633688e-07,-6.814325880397753e-07
362.0,2.4006491240000033e-05,1.7993507063102903e-05,5.574105193245616e-07,-1.1393181512266621e-06
364.0,2.4006926001559618e-05,1.799307230120804e-05,6.10231790584597e-07,-8.880542275296715e-07
366.0,2.4007434730757847e-05,1.799256357122393e-05,5.768833168855916e-07,-8.993141899006724e-07
368.0,2.4008100365293975e-05,1.799189793484208e-05,5.441755337540477e-07,-7.152851751608012e-07
370.0,2.4008843963199932e-05,1.7991154341183637e-05,6.774519432235064e-07,-8.067750544175081e-07
372.0,2.4009069996956297e-05,1.7990928303977794e-05,6.165168240158264e-07,-9.363061571336178e-07
374.0,2.4009561665824707e-05,1.7990436640804953e-05,4.7460927321529724e-07,-1.162557530582177e-06
376.0,2.400990894164681e-05,1.7990089360078872e-05,4.973127117385117e-07,-9.289444115555338e-07
378.0,2.4010185117668443e-05,1.7989813182687792e-05,6.364116384406681e-07,-8.949255956808045e-07
380.0,2.4010317303289514e-05,1.798968099551734e-05,6.28965604071432e-07,-8.280222003447886e-07
382.0,2.4010687270095715e-05,1.7989311030753243e-05,6.335647882303975e-07,-9.6751694221503e-07
384.0,2.4010847574710607e-05,1.798915073089836e-05,5.930478536458455e-07,-8.124266063977955e-07
386.0,2.401120180431311e-05,1.7988796496744212e-05,5.006509604106143e-07,-9.721586431010284e-07
388.0,2.4011441171913537e-05,1.798855713381647e-05,7.23971438508225e-07,-1.0520759791306352e-06
390.0,2.4011698605394438e-05,1.7988299700473566e-05,6.246635620432605e-07,-1.2883910084834943e-06
392.0,2.4011927086270736e-05,1.7988071212891135e-05,5.120211527991591e-07,-8.81556774575112e-07
394.0,2.401216426686821e-05,1.7987834039742773e-05,5.782648856672717e-07,-9.419634692594444e-07
396.0,2.4012306438011495e-05,1.7987691863888706e-05,7.574401179347022e-07,-9.321949431290008e-07
398.0,2.4012258208986768e-05,1.7987740096150813e-05,6.926526236923708e-07,-1.2112382746949455e-06
400.0,2.4012296883085627e-05,1.79877014239012e-05,6.794920131652275e-07,-9.98313311129533e-07
402.0,2.401250361922366e-05,1.7987494687276008e-05,6.423423931781593e-07,-1.0006524743938095e-06
404.0,2.401250430936669e-05,1.7987493997170446e-05,5.978751330942833e-07,-9.716608818860499e-07
406.0,2.4012484698193843e-05,1.7987513606585836e-05,7.316250414605899e-07,-1.1778484402082828e-06
408.0,2.4012653633197565e-05,1.7987344667504582e-05,5.55996897170429e-07,-1.0647851390704197e-06
